,trjfull,resampling0,resampling8,resampling4,resampling5,resampling7,resampling3,resampling6,resampling2,resampling1,resampling9,mean_resamplings,median_resamplings,min_resamplings,max_resamplings,std_resamplings,sem_resamplings
3,27,27,27,28,26,26,27,27,28,26,27,26.9,27.0,26,28,0.7378647873726218,0.2333333333333333
4,26,26,25,26,27,23,27,26,24,24,22,25.0,25.5,22,27,1.699673171197595,0.5374838498865699
5,16,15,17,15,16,20,14,16,17,17,20,16.7,16.5,14,20,2.0027758514399734,0.6333333333333332
6,7,8,7,9,8,6,9,8,9,9,7,8.0,8.0,6,9,1.0540925533894598,0.3333333333333333
7,2,2,2,2,2,2,2,2,2,2,2,2.0,2.0,2,2,0.0,0.0
