k,trjfull,resampling0,resampling8,resampling4,resampling5,resampling7,resampling3,resampling6,resampling2,resampling1,resampling9,mean_resamplings,median_resamplings,min_resamplings,max_resamplings,std_resamplings,sem_resamplings
3,10,11,9,9,9,12,11,10,11,11,9,10.2,10.5,9,12,1.1352924243950933,0.3590109871423002
4,7,6,8,8,9,5,6,7,6,6,8,6.9,6.5,5,9,1.286683937707919,0.40688518719112343
5,6,6,6,7,7,8,5,8,6,6,6,6.5,6.0,5,8,0.97182531580755,0.30731814857642953
6,4,4,3,3,2,2,5,2,4,4,3,3.2,3.0,2,5,1.0327955589886446,0.3265986323710904
