,trjfull,resampling0,resampling8,resampling4,resampling5,resampling7,resampling3,resampling6,resampling2,resampling1,resampling9,mean_resamplings,median_resamplings,min_resamplings,max_resamplings,std_resamplings,sem_resamplings
1,58,77,52,77,77,55,77,56,77,77,50,67.5,77.0,50,77,12.367070972726099,3.910811225876857
2,19,11,19,11,11,21,11,19,11,11,19,14.4,11.0,11,21,4.427188724235731,1.4
3,11,6,11,6,6,11,6,11,6,6,11,8.0,6.0,6,11,2.581988897471611,0.8164965809277259
4,6,3,6,3,3,6,3,6,3,3,6,4.2,3.0,3,6,1.5491933384829668,0.4898979485566356
5,3,3,6,3,3,3,3,3,3,3,6,3.6,3.0,3,6,1.2649110640673518,0.39999999999999997
