cc_num,trjfull,resampling0,resampling8,resampling4,resampling5,resampling7,resampling3,resampling6,resampling2,resampling1,resampling9,mean_resamplings,median_resamplings,min_resamplings,max_resamplings,std_resamplings,sem_resamplings
1,14,14,18,18,14,14,18,18,18,18,14,16.4,18.0,14,18,2.0655911179772892,0.6531972647421808
2,5,5,5,5,5,5,5,5,5,5,5,5.0,5.0,5,5,0.0,0.0
3,4,4,4,4,4,4,4,4,4,4,4,4.0,4.0,4,4,0.0,0.0
4,4,4,2,2,4,4,2,2,2,2,4,2.8,2.0,2,4,1.0327955589886446,0.32659863237109044
5,2,2,1,1,2,2,1,1,1,1,2,1.4,1.0,1,2,0.5163977794943223,0.16329931618554522
