k,trjfull,resampling0,resampling8,resampling4,resampling5,resampling7,resampling3,resampling6,resampling2,resampling1,resampling9,mean_resamplings,median_resamplings,min_resamplings,max_resamplings,std_resamplings,sem_resamplings
3,24,26,22.0,26,24,24,25,22.0,25.0,23.0,24.0,24.1,24.0,22.0,26.0,1.449137674618944,0.458257569495584
4,20,19,23.0,19,19,21,20,20.0,21.0,22.0,22.0,20.6,20.5,19.0,23.0,1.4298407059684812,0.45215533220835125
5,24,22,24.0,24,24,25,22,24.0,23.0,24.0,22.0,23.4,24.0,22.0,25.0,1.0749676997731399,0.339934634239519
6,21,23,21.0,21,21,21,23,23.0,22.0,21.0,21.0,21.7,21.0,21.0,23.0,0.9486832980505139,0.3
7,13,12,11.0,13,13,14,13,12.0,12.0,14.0,13.0,12.7,13.0,11.0,14.0,0.9486832980505138,0.3
8,2,3,4.0,2,2,2,2,1.0,2.0,1.0,3.0,2.2,2.0,1.0,4.0,0.9189365834726815,0.29059326290271154
9,8,7,6.0,8,8,6,7,8.0,8.0,8.0,7.0,7.3,7.5,6.0,8.0,0.8232726023485646,0.2603416558635551
11,1,1,1.0,1,1,1,1,1.0,1.0,1.0,1.0,1.0,1.0,1.0,1.0,0.0,0.0
15,1,1,,1,1,1,1,,,,,1.0,1.0,1.0,1.0,0.0,0.0
