k,trjfull,resampling0,resampling8,resampling4,resampling5,resampling7,resampling3,resampling6,resampling2,resampling1,resampling9,mean_resamplings,median_resamplings,min_resamplings,max_resamplings,std_resamplings,sem_resamplings
3,22,23,20.0,24,22,22,23,20.0,23.0,21.0,22.0,22.0,22.0,20.0,24.0,1.3333333333333333,0.42163702135578385
4,22,22,24.0,21,21,23,21,22.0,22.0,24.0,24.0,22.4,22.0,21.0,24.0,1.2649110640673518,0.39999999999999997
5,24,22,25.0,24,24,25,23,23.0,24.0,24.0,22.0,23.6,24.0,22.0,25.0,1.07496769977314,0.33993463423951903
6,18,19,17.0,18,18,17,19,20.0,18.0,18.0,18.0,18.2,18.0,17.0,20.0,0.9189365834726815,0.29059326290271154
7,13,13,12.0,13,13,14,14,13.0,13.0,14.0,13.0,13.2,13.0,12.0,14.0,0.6324555320336759,0.19999999999999998
8,5,6,7.0,5,5,6,5,4.0,5.0,4.0,6.0,5.3,5.0,4.0,7.0,0.9486832980505138,0.3
9,8,7,6.0,8,8,6,7,8.0,8.0,8.0,7.0,7.3,7.5,6.0,8.0,0.8232726023485646,0.2603416558635551
11,1,1,1.0,1,1,1,1,1.0,1.0,1.0,1.0,1.0,1.0,1.0,1.0,0.0,0.0
15,1,1,,1,1,1,1,,,,,1.0,1.0,1.0,1.0,0.0,0.0
