cc_num,trjfull,resampling0,resampling8,resampling4,resampling5,resampling7,resampling3,resampling6,resampling2,resampling1,resampling9,mean_resamplings,median_resamplings,min_resamplings,max_resamplings,std_resamplings,sem_resamplings
1,28,28,26,28,27,27,25,28,28,28,28,27.3,28.0,25,28,1.0593499054713802,0.334995854037363
2,9,9,7,9,9,9,8,9,9,9,9,8.7,9.0,7,9,0.6749485577105528,0.21343747458109497
3,7,6,7,7,7,7,7,7,7,7,7,6.9,7.0,6,7,0.3162277660168379,0.09999999999999999
4,7,6,6,7,7,7,7,7,7,6,7,6.7,7.0,6,7,0.48304589153964794,0.15275252316519466
5,6,6,5,6,6,6,6,6,6,6,6,5.9,6.0,5,6,0.3162277660168379,0.09999999999999999
