cc_num,trjfull,resampling0,resampling8,resampling4,resampling5,resampling7,resampling3,resampling6,resampling2,resampling1,resampling9,mean_resamplings,median_resamplings,min_resamplings,max_resamplings,std_resamplings,sem_resamplings
1,28,28,26,28,27,27,25,27,28,28,28,27.2,27.5,25,28,1.0327955589886444,0.3265986323710904
2,9,9,6,9,9,9,8,9,9,9,9,8.6,9.0,6,9,0.9660917830792958,0.3055050463303893
3,6,6,6,6,6,6,6,6,6,6,6,6.0,6.0,6,6,0.0,0.0
4,6,6,6,6,6,6,6,6,6,6,6,6.0,6.0,6,6,0.0,0.0
5,6,5,5,6,6,6,6,6,6,5,6,5.7,6.0,5,6,0.48304589153964794,0.15275252316519466
