k,trjfull,resampling0,resampling8,resampling4,resampling5,resampling7,resampling3,resampling6,resampling2,resampling1,resampling9,mean_resamplings,median_resamplings,min_resamplings,max_resamplings,std_resamplings,sem_resamplings
3,29,31,27,30.0,31.0,29.0,29,31.0,30,30,28,29.6,30.0,27.0,31.0,1.349897115421106,0.42687494916218993
4,30,27,32,28.0,28.0,32.0,29,28.0,28,28,32,29.2,28.0,27.0,32.0,1.9888578520235065,0.6289320754704403
5,23,24,24,26.0,22.0,20.0,22,27.0,22,22,23,23.2,22.5,20.0,27.0,2.0976176963403033,0.6633249580710799
6,20,21,20,18.0,23.0,23.0,21,17.0,22,22,22,20.9,21.5,17.0,23.0,2.0248456731316584,0.6403124237432848
7,12,10,8,13.0,11.0,10.0,12,12.0,11,11,8,10.6,11.0,8.0,13.0,1.6465452046971292,0.5206833117271102
8,1,1,1,,,,1,,1,1,1,1.0,1.0,1.0,1.0,0.0,0.0
